{
  "generator-jhipster": {
    "promptValues": {
      "packageName": "com.onyx.app",
      "nativeLanguage": "en"
    },
    "jhipsterVersion": "5.1.0",
    "applicationType": "monolith",
    "baseName": "onyxapp",
    "packageName": "com.onyx.app",
    "packageFolder": "com/onyx/app",
    "serverPort": "8080",
    "authenticationType": "jwt",
    "cacheProvider": "hazelcast",
    "enableHibernateCache": false,
    "websocket": false,
    "databaseType": "couchbase",
    "devDatabaseType": "couchbase",
    "prodDatabaseType": "couchbase",
    "searchEngine": false,
    "messageBroker": false,
    "serviceDiscoveryType": false,
    "buildTool": "maven",
    "enableSwaggerCodegen": true,
    "jwtSecretKey": "359ed3cd8e48e67caeeb571db2da9e55e0852fa6",
    "clientFramework": "angularX",
    "useSass": false,
    "clientPackageManager": "yarn",
    "testFrameworks": [
      "cucumber"
    ],
    "jhiPrefix": "jhi",
    "otherModules": [
      {
        "name": "generator-jhipster-docker",
        "version": "2.5.0"
      },
      {
        "name": "generator-jhipster-swagger-cli",
        "version": "3.0.1"
      }
    ],
    "enableTranslation": true,
    "nativeLanguage": "en",
    "languages": [
      "en",
      "ar-ly",
      "zh-cn",
      "pt-pt",
      "es",
      "th"
    ]
  }
}