{
    "name": "Brand",
    "fields": [
        {
            "fieldName": "brandId",
            "fieldType": "Integer"
        },
        {
            "fieldName": "brandName",
            "fieldType": "String"
        },
        {

            "fieldName": "storeId",
            "fieldType": "Integer",
            "fieldValidateRules": [
                "required"
            ]

        }
    ],
    "relationships": [],
    "changelogDate": "20180820174314",
    "entityTableName": "brand",
    "dto": "mapstruct",
    "pagination": "no",
    "service": "serviceImpl",
    "jpaMetamodelFiltering": true,
    "fluentMethods": true,
    "clientRootFolder": "",
    "applications": "*"
}
