{
    "name": "Category",
    "fields": [
        {
            "fieldName": "storeId",
            "fieldType": "Integer"
        },
        {
            "fieldName": "categoryID",
            "fieldType": "Integer"
        },
        {
            "fieldName": "categoryName",
            "fieldType": "String"
        }
    ],
    "relationships": [],
    "changelogDate": "20181005160938",
    "entityTableName": "category",
    "dto": "mapstruct",
    "pagination": "no",
    "service": "serviceImpl",
    "jpaMetamodelFiltering": false,
    "fluentMethods": true,
    "clientRootFolder": "",
    "applications": "*"
}