{
    "name": "Ctrx",
    "fields": [
        {
            "fieldName": "storeId",
            "fieldType": "Integer"
        },
        {
            "fieldName": "dateTime",
            "fieldType": "ZonedDateTime"
        },
        {
            "fieldName": "trxType",
            "fieldType": "String"
        },
        {
            "fieldName": "amount",
            "fieldType": "Double"
        },
        {
            "fieldName": "approval",
            "fieldType": "String"
        },
        {
            "fieldName": "reference",
            "fieldType": "String"
        },
        {
            "fieldName": "invNum",
            "fieldType": "Integer"
        },
        {
            "fieldName": "tipAmount",
            "fieldType": "Double"
        },
        {
            "fieldName": "cardType",
            "fieldType": "String"
        },
        {
            "fieldName": "tipApplied",
            "fieldType": "Double"
        },
        {
            "fieldName": "troutD",
            "fieldType": "String"
        },
        {
            "fieldName": "postAuthReferenceNumber",
            "fieldType": "String"
        },
        {
            "fieldName": "orderId",
            "fieldType": "Integer"
        },
        {
            "fieldName": "language",
            "fieldType": "String"
        },
        {
            "fieldName": "cardNumber",
            "fieldType": "Integer"
        },
        {
            "fieldName": "paymentMethod",
            "fieldType": "String"
        },
        {
            "fieldName": "cashBack",
            "fieldType": "Double"
        },
        {
            "fieldName": "terminalNumber",
            "fieldType": "Integer"
        },
        {
            "fieldName": "aCI",
            "fieldType": "String"
        },
        {
            "fieldName": "cardEntrySource",
            "fieldType": "String"
        },
        {
            "fieldName": "traceNumber",
            "fieldType": "String"
        },
        {
            "fieldName": "sequenceNumber",
            "fieldType": "Integer"
        },
        {
            "fieldName": "isPrePaidCard",
            "fieldType": "String"
        },
        {
            "fieldName": "preAuthAmount",
            "fieldType": "Double"
        },
        {
            "fieldName": "appLabel",
            "fieldType": "String"
        },
        {
            "fieldName": "appPreferredName",
            "fieldType": "String"
        },
        {
            "fieldName": "cardPlan",
            "fieldType": "String"
        },
        {
            "fieldName": "emvAid",
            "fieldType": "String"
        }
    ],
    "relationships": [],
    "changelogDate": "20190316040802",
    "entityTableName": "ctrx",
    "dto": "mapstruct",
    "pagination": "no",
    "service": "serviceImpl",
    "jpaMetamodelFiltering": false,
    "fluentMethods": true,
    "clientRootFolder": "",
    "applications": "*"
}