{
    "name": "CustomerInfo",
    "fields": [
        {
            "fieldName": "storeId",
            "fieldType": "Integer"
        },
        {
            "fieldName": "custNum",
            "fieldType": "Integer"
        },
        {
            "fieldName": "firstName",
            "fieldType": "String",
            "fieldValidateRules": [
                "maxlength"
            ],
            "fieldValidateRulesMaxlength": 20
        },
        {
            "fieldName": "lastName",
            "fieldType": "String",
            "fieldValidateRules": [
                "maxlength"
            ],
            "fieldValidateRulesMaxlength": 20
        },
        {
            "fieldName": "address1",
            "fieldType": "String",
            "fieldValidateRules": [
                "maxlength"
            ],
            "fieldValidateRulesMaxlength": 30
        },
        {
            "fieldName": "address2",
            "fieldType": "String",
            "fieldValidateRules": [
                "maxlength"
            ],
            "fieldValidateRulesMaxlength": 30
        },
        {
            "fieldName": "city",
            "fieldType": "String",
            "fieldValidateRules": [
                "maxlength"
            ],
            "fieldValidateRulesMaxlength": 20
        },
        {
            "fieldName": "state",
            "fieldType": "String",
            "fieldValidateRules": [
                "maxlength"
            ],
            "fieldValidateRulesMaxlength": 10
        },
        {
            "fieldName": "zipCode",
            "fieldType": "Integer"
        },
        {
            "fieldName": "phone1",
            "fieldType": "Integer"
        },
        {
            "fieldName": "mobileNum",
            "fieldType": "Integer"
        },
        {
            "fieldName": "discountLevel",
            "fieldType": "Integer"
        },
        {
            "fieldName": "discountPercent",
            "fieldType": "Integer"
        },
        {
            "fieldName": "acctOpenDate",
            "fieldType": "String"
        },
        {
            "fieldName": "acctBalance",
            "fieldType": "Integer"
        },
        {
            "fieldName": "acctMaxBalance",
            "fieldType": "Integer"
        },
        {
            "fieldName": "rewardPlan",
            "fieldType": "String"
        },
        {
            "fieldName": "rewardPoints",
            "fieldType": "Integer"
        },
        {
            "fieldName": "onlineUserName",
            "fieldType": "String"
        },
        {
            "fieldName": "birthday",
            "fieldType": "String"
        }
    ],
    "relationships": [],
    "changelogDate": "20180829170849",
    "entityTableName": "customer_info",
    "dto": "mapstruct",
    "pagination": "no",
    "service": "serviceImpl",
    "jpaMetamodelFiltering": false,
    "fluentMethods": true,
    "clientRootFolder": "",
    "applications": "*"
}