{
    "name": "CustomerTrx",
    "fields": [
        {
            "fieldName": "custNum",
            "fieldType": "Integer"
        },
        {
            "fieldName": "invNum",
            "fieldType": "Integer"
        },
        {
            "fieldName": "storeId",
            "fieldType": "Integer"
        }
    ],
    "relationships": [],
    "changelogDate": "20180829171134",
    "entityTableName": "customer_trx",
    "dto": "mapstruct",
    "pagination": "no",
    "service": "serviceImpl",
    "jpaMetamodelFiltering": false,
    "fluentMethods": true,
    "clientRootFolder": "",
    "applications": "*"
}