{
    "name": "Dept",
    "fields": [
        {
            "fieldName": "deptId",
            "fieldType": "String",
            "fieldValidateRules": [
                "maxlength"
            ],
            "fieldValidateRulesMaxlength": 20
        },
        {
            "fieldName": "deptName",
            "fieldType": "String",
            "fieldValidateRules": [
                "maxlength"
            ],
            "fieldValidateRulesMaxlength": 20
        },
        {
            "fieldName": "categoryId",
            "fieldType": "Integer"
        },
        {
            "fieldName": "storeId",
            "fieldType": "Integer"
        }
    ],
    "relationships": [],
    "changelogDate": "20180820174314",
    "entityTableName": "dept",
    "dto": "mapstruct",
    "pagination": "no",
    "service": "serviceImpl",
    "jpaMetamodelFiltering": false,
    "fluentMethods": true,
    "clientRootFolder": "",
    "applications": "*"
}