{
    "name": "Family",
    "fields": [
        {
            "fieldName": "familyId",
            "fieldType": "Integer"
        },
        {
            "fieldName": "familyName",
            "fieldType": "String"
        },
        {
            "fieldName": "storeId",
            "fieldType": "Integer",
            "fieldValidateRules": [
                "required"
            ]
        },
        {
            "fieldName": "deptId",
            "fieldType": "Integer"
        }
    ],
    "relationships": [],
    "changelogDate": "20180820174314",
    "entityTableName": "family",
    "dto": "mapstruct",
    "pagination": "no",
    "service": "serviceImpl",
    "jpaMetamodelFiltering": false,
    "fluentMethods": true,
    "clientRootFolder": "",
    "applications": "*"
}