{
    "name": "FeItems",
    "fields": [
        {
            "fieldName": "storeId",
            "fieldType": "Integer"
        },
        {
            "fieldName": "deptId",
            "fieldType": "String"
        },
        {
            "fieldName": "itemName",
            "fieldType": "String"
        },
        {
            "fieldName": "itemNum",
            "fieldType": "Long"
        },
        {
            "fieldName": "cost",
            "fieldType": "Double"
        },
        {
            "fieldName": "itemId",
            "fieldType": "Integer"
        },
        {
            "fieldName": "itemPrice",
            "fieldType": "Double"
        },
        {
            "fieldName": "itemhasMods",
            "fieldType": "Boolean"
        },
        {
            "fieldName": "itemImg",
            "fieldType": "Boolean"
        },
        {
            "fieldName": "itemSpcl",
            "fieldType": "Boolean"
        },
        {
            "fieldName": "itemOnHH",
            "fieldType": "Boolean"
        },
        {
            "fieldName": "hhTimeStart",
            "fieldType": "Instant"
        },
        {
            "fieldName": "hhTimeEnd",
            "fieldType": "Instant"
        }
    ],
    "relationships": [],
    "changelogDate": "20190420154332",
    "entityTableName": "fe_items",
    "dto": "mapstruct",
    "pagination": "no",
    "service": "serviceImpl",
    "jpaMetamodelFiltering": false,
    "fluentMethods": true,
    "clientRootFolder": "",
    "applications": "*"
}