{
    "name": "Group",
    "fields": [
        {
            "fieldName": "itemNum",
            "fieldType": "String",
            "fieldValidateRules": [
                "maxlength"
            ],
            "fieldValidateRulesMaxlength": 25
        },
        {
            "fieldName": "itemName",
            "fieldType": "String",
            "fieldValidateRules": [
                "maxlength"
            ],
            "fieldValidateRulesMaxlength": 50
        },
        {
            "fieldName": "storeId",
            "fieldType": "Integer",
            "fieldValidateRules": [
                "required"
            ]
        },
        {
            "fieldName": "groupID",
            "fieldType": "Integer"
        },
        {
            "fieldName": "groupLine",
            "fieldType": "Integer"
        },
        {
            "fieldName": "groupName",
            "fieldType": "String"
        },
        {
            "fieldName": "itemType",
            "fieldType": "String"
        }
    ],
    "relationships": [],
    "changelogDate": "20181005130747",
    "entityTableName": "group",
    "dto": "mapstruct",
    "pagination": "no",
    "service": "serviceImpl",
    "jpaMetamodelFiltering": false,
    "fluentMethods": true,
    "clientRootFolder": "",
    "applications": "*"
}