{
    "name": "InventoryMixAndMatch",
    "fields": [
        {
            "fieldName": "itemNum",
            "fieldType": "String",
            "fieldValidateRules": [
                "maxlength"
            ],
            "fieldValidateRulesMaxlength": 25
        },
        {
            "fieldName": "itemName",
            "fieldType": "String",
            "fieldValidateRules": [
                "maxlength"
            ],
            "fieldValidateRulesMaxlength": 50
        },
        {
            "fieldName": "startDate",
            "fieldType": "String"
        },
        {
            "fieldName": "endDate",
            "fieldType": "String"
        },
        {
            "fieldName": "salePrice",
            "fieldType": "Double"
        },
        {
            "fieldName": "salePercent",
            "fieldType": "Double"
        },
        {
            "fieldName": "type",
            "fieldType": "MmSaleType",
            "fieldValues": "PERCENT,AMOUNT"
        },
        {
            "fieldName": "storeId",
            "fieldType": "Integer"
        },
        {
            "fieldName": "mmSaleId",
            "fieldType": "String",
            "fieldValidateRules": [
                "maxlength"
            ],
            "fieldValidateRulesMaxlength": 25
        },
        {
            "fieldName": "qty",
            "fieldType": "Integer",
            "fieldValidateRules": [
                "required"
            ]
        },
        {
            "fieldName": "active",
            "fieldType": "Boolean"
        }
    ],
    "relationships": [],
    "changelogDate": "20180820174314",
    "entityTableName": "inventory_mix_and_match",
    "dto": "mapstruct",
    "pagination": "no",
    "service": "serviceImpl",
    "jpaMetamodelFiltering": false,
    "fluentMethods": true,
    "clientRootFolder": "",
    "applications": "*"
}