{
    "name": "InventoryExp",
    "fields": [
        {
            "fieldName": "itemNum",
            "fieldType": "String",
            "fieldValidateRules": [
                "maxlength"
            ],
            "fieldValidateRulesMaxlength": 25
        },
        {
            "fieldName": "itemName",
            "fieldType": "String",
            "fieldValidateRules": [
                "maxlength"
            ],
            "fieldValidateRulesMaxlength": 50
        },
        {
            "fieldName": "storeId",
            "fieldType": "Integer"
        },
        {
            "fieldName": "expirationDate",
            "fieldType": "String"
        },
        {
            "fieldName": "receivedDate",
            "fieldType": "String"
        },
        {
            "fieldName": "noteOnExpiration",
            "fieldType": "Boolean"
        }
    ],
    "relationships": [],
    "changelogDate": "20180820174314",
    "entityTableName": "inventory_exp",
    "dto": "mapstruct",
    "pagination": "no",
    "service": "serviceImpl",
    "jpaMetamodelFiltering": false,
    "fluentMethods": true,
    "clientRootFolder": "",
    "applications": "*"
}