{
    "name": "Inventory",
    "fields": [
        {
            "fieldName": "itemnum",
            "fieldType": "Integer"
        },
        {
            "fieldName": "brand",
            "fieldType": "String",
            "fieldValidateRules": [
                "maxlength"
            ],
            "fieldValidateRulesMaxlength": 25
        },
        {
            "fieldName": "brandId",
            "fieldType": "Integer"
        },
        {
            "fieldName": "family",
            "fieldType": "String",
            "fieldValidateRules": [
                "maxlength"
            ],
            "fieldValidateRulesMaxlength": 25
        },
        {
            "fieldName": "familyId",
            "fieldType": "Integer"
        },
        {
            "fieldName": "subfamily",
            "fieldType": "String",
            "fieldValidateRules": [
                "maxlength"
            ],
            "fieldValidateRulesMaxlength": 25
        },
        {
            "fieldName": "subfamilyId",
            "fieldType": "Integer"
        },
        {
            "fieldName": "section",
            "fieldType": "String",
            "fieldValidateRules": [
                "maxlength"
            ],
            "fieldValidateRulesMaxlength": 25
        },
        {
            "fieldName": "sectionId",
            "fieldType": "Integer"
        },
        {
            "fieldName": "itemid",
            "fieldType": "Integer",
            "fieldValidateRules": [
                "required"
            ]
        },
        {
            "fieldName": "itemname",
            "fieldType": "String",
            "fieldValidateRules": [
                "maxlength"
            ],
            "fieldValidateRulesMaxlength": 50
        },
        {
            "fieldName": "storeid",
            "fieldType": "Double",
            "fieldValidateRules": [
                "required"
            ]
        },
        {
            "fieldName": "cost",
            "fieldType": "Double",
            "fieldValidateRules": [
                "required"
            ]
        },
        {
            "fieldName": "itemprice",
            "fieldType": "Double",
            "fieldValidateRules": [
                "required"
            ]
        },
        {
            "fieldName": "minprice",
            "fieldType": "Double"
        },
        {
            "fieldName": "stock",
            "fieldType": "Double"
        },
        {
            "fieldName": "reorder",
            "fieldType": "Double"
        },
        {
            "fieldName": "tax1",
            "fieldType": "Boolean"
        },
        {
            "fieldName": "vendorpartnumber",
            "fieldType": "Integer"
        },
        {
            "fieldName": "deptid",
            "fieldType": "Integer"
        },
        {
            "fieldName": "points",
            "fieldType": "Integer"
        },
        {
            "fieldName": "bulkpricing",
            "fieldType": "Double"
        },
        {
            "fieldName": "location",
            "fieldType": "Integer"
        },
        {
            "fieldName": "autoweigh",
            "fieldType": "Boolean"
        },
        {
            "fieldName": "numpercase",
            "fieldType": "Integer"
        },
        {
            "fieldName": "foodstampable",
            "fieldType": "Boolean"
        },
        {
            "fieldName": "checkid",
            "fieldType": "Boolean"
        },
        {
            "fieldName": "itemtype",
            "fieldType": "String",
            "fieldValidateRules": [
                "maxlength"
            ],
            "fieldValidateRulesMaxlength": 10
        },
        {
            "fieldName": "askprice",
            "fieldType": "Boolean"
        },
        {
            "fieldName": "askquantity",
            "fieldType": "Boolean"
        },
        {
            "fieldName": "disabled",
            "fieldType": "Boolean"
        },
        {
            "fieldName": "unitsize",
            "fieldType": "Double"
        },
        {
            "fieldName": "askdescription",
            "fieldType": "Boolean"
        },
        {
            "fieldName": "checkid2",
            "fieldType": "Boolean"
        },
        {
            "fieldName": "countitem",
            "fieldType": "Boolean"
        },
        {
            "fieldName": "categoryName",
            "fieldType": "String"
        },
        {
            "fieldName": "categoryId",
            "fieldType": "Integer"
        },
        {
            "fieldName": "itemhasMods",
            "fieldType": "Boolean"
        },
        {
            "fieldName": "itemImg",
            "fieldType": "Boolean"
        },
        {
            "fieldName": "itemSpcl",
            "fieldType": "Boolean"
        },
        {
            "fieldName": "itemOnHH",
            "fieldType": "Boolean"
        },
        {
            "fieldName": "hhTimeStart",
            "fieldType": "Instant"
        },
        {
            "fieldName": "hhTimeEnd",
            "fieldType": "Instant"
        }
    ],
    "relationships": [],
    "changelogDate": "20180820174314",
    "entityTableName": "inventory",
    "dto": "mapstruct",
    "pagination": "no",
    "service": "serviceImpl",
    "jpaMetamodelFiltering": false,
    "fluentMethods": true,
    "clientRootFolder": "",
    "applications": "*"
}