{
    "name": "InventoryAttribute",
    "fields": [
        {
            "fieldName": "itemName",
            "fieldType": "String",
            "fieldValidateRules": [
                "maxlength"
            ],
            "fieldValidateRulesMaxlength": 50
        },
        {
            "fieldName": "itemNum",
            "fieldType": "String",
            "fieldValidateRules": [
                "maxlength"
            ],
            "fieldValidateRulesMaxlength": 25
        },
        {
            "fieldName": "itemSize",
            "fieldType": "Integer"
        },
        {
            "fieldName": "storeId",
            "fieldType": "Integer",
            "fieldValidateRules": [
                "required"
            ]
        },
        {
            "fieldName": "itemAttPrice",
            "fieldType": "Double"
        },
        {
            "fieldName": "itemAttNum",
            "fieldType": "Integer"
        },
        {
            "fieldName": "active",
            "fieldType": "Boolean"
        }
    ],
    "relationships": [],
    "changelogDate": "20180820174314",
    "entityTableName": "inventory_attribute",
    "dto": "mapstruct",
    "pagination": "no",
    "service": "serviceImpl",
    "jpaMetamodelFiltering": false,
    "fluentMethods": true,
    "clientRootFolder": "",
    "applications": "*"
}