{
    "name": "InvoiceDetails",
    "fields": [
        {
            "fieldName": "itemNum",
            "fieldType": "String"
        },
        {
            "fieldName": "invNum",
            "fieldType": "String"
        },
        {
            "fieldName": "itemPrice",
            "fieldType": "String",
            "fieldValidateRules": [
                "required",
                "maxlength"
            ],
            "fieldValidateRulesMaxlength": 10
        },
        {
            "fieldName": "invoiceLineNum",
            "fieldType": "Double"
        },
        {
            "fieldName": "invoiceTimeAndDate",
            "fieldType": "String"
        }

    ],
    "relationships": [],
    "changelogDate": "20180820174314",
    "entityTableName": "invoice_details",
    "dto": "mapstruct",
    "pagination": "no",
    "service": "serviceImpl",
    "jpaMetamodelFiltering": true,
    "fluentMethods": true,
    "clientRootFolder": "",
    "applications": "*"
}
