{
    "name": "InvoiceKiosk",
    "fields": [
        {
            "fieldName": "itemNum",
            "fieldType": "Integer"
        },
        {
            "fieldName": "itemName",
            "fieldType": "String",
            "fieldValidateRules": [
                "maxlength"
            ],
            "fieldValidateRulesMaxlength": 50
        },
        {
            "fieldName": "storeId",
            "fieldType": "Integer"
        },
        {
            "fieldName": "kioskId",
            "fieldType": "Integer"
        },
        {
            "fieldName": "custNum",
            "fieldType": "Integer"
        },
        {
            "fieldName": "invNum",
            "fieldType": "Integer"
        },
        {
            "fieldName": "itemPrice",
            "fieldType": "Double",
            "fieldValidateRules": [
                "required"
            ]
        },
        {
            "fieldName": "invDateTime",
            "fieldType": "ZonedDateTime"
        },
        {
            "fieldName": "discount",
            "fieldType": "Double"
        },
        {
            "fieldName": "totalPrice",
            "fieldType": "Double"
        },
        {
            "fieldName": "totalTax1",
            "fieldType": "Double"
        },
        {
            "fieldName": "grandTotal",
            "fieldType": "Double"
        },
        {
            "fieldName": "amtChange",
            "fieldType": "Double"
        },
        {
            "fieldName": "type",
            "fieldType": "String"
        },
        {
            "fieldName": "stationId",
            "fieldType": "Integer"
        },
        {
            "fieldName": "paymentMethod",
            "fieldType": "String"
        },
        {
            "fieldName": "taxedSales",
            "fieldType": "Double"
        },
        {
            "fieldName": "nonTaxedSales",
            "fieldType": "Double"
        },
        {
            "fieldName": "ccAmount",
            "fieldType": "Double"
        },
        {
            "fieldName": "status",
            "fieldType": "String"
        }
    ],
    "relationships": [],
    "changelogDate": "20180829172723",
    "entityTableName": "invoice_kiosk",
    "dto": "mapstruct",
    "pagination": "no",
    "service": "serviceImpl",
    "jpaMetamodelFiltering": false,
    "fluentMethods": true,
    "clientRootFolder": "",
    "applications": "*"
}