{
    "name": "Invoice",
    "fields": [
        {
            "fieldName": "itemnum",
            "fieldType": "Integer"
        },
        {
            "fieldName": "itemname",
            "fieldType": "String",
            "fieldValidateRules": [
                "maxlength"
            ],
            "fieldValidateRulesMaxlength": 50
        },
        {
            "fieldName": "storeid",
            "fieldType": "Integer"
        },
        {
            "fieldName": "custNum",
            "fieldType": "Long"
        },
        {
            "fieldName": "invnum",
            "fieldType": "Integer"
        },
        {
            "fieldName": "invtime",
            "fieldType": "Instant"
        },
        {
            "fieldName": "itemprice",
            "fieldType": "Double",
            "fieldValidateRules": [
                "required"
            ]
        },
        {
            "fieldName": "invdate",
            "fieldType": "LocalDate"
        },
        {
            "fieldName": "totalCost",
            "fieldType": "Double"
        },
        {
            "fieldName": "discount",
            "fieldType": "Double"
        },
        {
            "fieldName": "totalPrice",
            "fieldType": "Double"
        },
        {
            "fieldName": "totalTax1",
            "fieldType": "Double"
        },
        {
            "fieldName": "totalTax2",
            "fieldType": "Double"
        },
        {
            "fieldName": "totalTax3",
            "fieldType": "Double"
        },
        {
            "fieldName": "grandTotal",
            "fieldType": "Double"
        },
        {
            "fieldName": "amtTendered",
            "fieldType": "Double"
        },
        {
            "fieldName": "amtChange",
            "fieldType": "Double"
        },
        {
            "fieldName": "notes",
            "fieldType": "String",
            "fieldValidateRules": [
                "maxlength"
            ],
            "fieldValidateRulesMaxlength": 200
        },
        {
            "fieldName": "status",
            "fieldType": "String"
        },
        {
            "fieldName": "cashierid",
            "fieldType": "Integer"
        },
        {
            "fieldName": "cashiername",
            "fieldType": "String"
        },
        {
            "fieldName": "stationid",
            "fieldType": "Integer"
        },
        {
            "fieldName": "paymentMethod",
            "fieldType": "String"
        },
        {
            "fieldName": "taxed1",
            "fieldType": "Double"
        },
        {
            "fieldName": "taxedSales",
            "fieldType": "Double"
        },
        {
            "fieldName": "nonTaxedsales",
            "fieldType": "Double"
        },
        {
            "fieldName": "taxexemptsales",
            "fieldType": "Double"
        },
        {
            "fieldName": "caamount",
            "fieldType": "Double"
        },
        {
            "fieldName": "ccamount",
            "fieldType": "Double"
        },
        {
            "fieldName": "oaamount",
            "fieldType": "Double"
        },
        {
            "fieldName": "dcamount",
            "fieldType": "Double"
        },
        {
            "fieldName": "tipamount",
            "fieldType": "Double"
        },
        {
            "fieldName": "fsamount",
            "fieldType": "Double"
        },
        {
            "fieldName": "taxrateid",
            "fieldType": "String"
        },
        {
            "fieldName": "taxrate1percent",
            "fieldType": "Double"
        },
        {
            "fieldName": "layaway",
            "fieldType": "String"
        },
        {
            "fieldName": "amtdeposit",
            "fieldType": "Double"
        },
        {
            "fieldName": "layawayamount",
            "fieldType": "Double"
        },
        {
            "fieldName": "onlineorderid",
            "fieldType": "Integer"
        },
        {
            "fieldName": "orderSource",
            "fieldType": "String"
        },
        {
            "fieldName": "modifieddate",
            "fieldType": "String"
        },
        {
            "fieldName": "createdate",
            "fieldType": "String"
        },
        {
            "fieldName": "kioskid",
            "fieldType": "String"
        },
        {
            "fieldName": "modifierID",
            "fieldType": "Integer"
        },
        {
            "fieldName": "modifierName",
            "fieldType": "String"
        },
        {
            "fieldName": "modifierNum",
            "fieldType": "Long"
        }
    ],
    "relationships": [],
    "changelogDate": "20180820174314",
    "entityTableName": "invoice",
    "dto": "mapstruct",
    "pagination": "no",
    "service": "serviceImpl",
    "jpaMetamodelFiltering": false,
    "fluentMethods": true,
    "clientRootFolder": "",
    "applications": "*"
}