{
    "name": "InvoiceMobile",
    "fields": [
        {
            "fieldName": "itemnum",
            "fieldType": "Integer"
        },
        {
            "fieldName": "itemname",
            "fieldType": "String",
            "fieldValidateRules": [
                "maxlength"
            ],
            "fieldValidateRulesMaxlength": 50
        },
        {
            "fieldName": "storeid",
            "fieldType": "Integer"
        },
        {
            "fieldName": "cusname",
            "fieldType": "String"
        },
        {
            "fieldName": "custNum",
            "fieldType": "Long"
        },
        {
            "fieldName": "invnum",
            "fieldType": "Integer"
        },
        {
            "fieldName": "invtime",
            "fieldType": "Instant"
        },
        {
            "fieldName": "itemprice",
            "fieldType": "Double",
            "fieldValidateRules": [
                "required"
            ]
        },
        {
            "fieldName": "invdate",
            "fieldType": "LocalDate"
        },
        {
            "fieldName": "discount",
            "fieldType": "Double"
        },
        {
            "fieldName": "totalPrice",
            "fieldType": "Double"
        },
        {
            "fieldName": "totalTax1",
            "fieldType": "Double"
        },
        {
            "fieldName": "grandTotal",
            "fieldType": "Double"
        },
        {
            "fieldName": "amtChange",
            "fieldType": "Double"
        },
        {
            "fieldName": "paymentMethod",
            "fieldType": "String"
        },
        {
            "fieldName": "taxedSales",
            "fieldType": "Double"
        },
        {
            "fieldName": "nonTaxedsales",
            "fieldType": "Double"
        },
        {
            "fieldName": "ccamount",
            "fieldType": "Double"
        },
        {
            "fieldName": "status",
            "fieldType": "String"
        },
        {
            "fieldName": "modifierID",
            "fieldType": "Integer"
        },
        {
            "fieldName": "modifierName",
            "fieldType": "String"
        },
        {
            "fieldName": "modifierNum",
            "fieldType": "Long"
        }
    ],
    "relationships": [],
    "changelogDate": "20180829173234",
    "entityTableName": "invoice_mobile",
    "dto": "mapstruct",
    "pagination": "no",
    "service": "serviceImpl",
    "jpaMetamodelFiltering": false,
    "fluentMethods": true,
    "clientRootFolder": "",
    "applications": "*"
}