{
    "name": "InvoiceOnHold",
    "fields": [
        {
            "fieldName": "itemNum",
            "fieldType": "String",
            "fieldValidateRules": [
                "maxlength"
            ],
            "fieldValidateRulesMaxlength": 25
        },
        {
            "fieldName": "invNum",
            "fieldType": "Integer"
        },
        {
            "fieldName": "itemPrice",
            "fieldType": "String",
            "fieldValidateRules": [
                "required",
                "maxlength"
            ],
            "fieldValidateRulesMaxlength": 10
        },
        {
            "fieldName": "invoiceOnHoldId",
            "fieldType": "Double"
        },
        {
            "fieldName": "invTime",
            "fieldType": "String"
        },
        {
            "fieldName": "onHoldName",
            "fieldType": "String"
        }
    ],
    "relationships": [],
    "changelogDate": "20180820174314",
    "entityTableName": "invoice_on_hold",
    "dto": "mapstruct",
    "pagination": "no",
    "service": "serviceImpl",
    "jpaMetamodelFiltering": true,
    "fluentMethods": true,
    "clientRootFolder": "",
    "applications": "*"
}
