{
    "name": "Modifier",
    "fields": [
        {
            "fieldName": "storeid",
            "fieldType": "Integer"
        },
        {
            "fieldName": "modifierName",
            "fieldType": "String"
        },
        {
            "fieldName": "modifierID",
            "fieldType": "Integer"
        },
        {
            "fieldName": "modifierNum",
            "fieldType": "Long"
        },
        {
            "fieldName": "modifierPrice1",
            "fieldType": "Double"
        },
        {
            "fieldName": "modifierPrice2",
            "fieldType": "Double"
        },
        {
            "fieldName": "modifierPrice3",
            "fieldType": "Double"
        },
        {
            "fieldName": "modifierPrice4",
            "fieldType": "Double"
        },
        {
            "fieldName": "modifierADDDSC1",
            "fieldType": "String"
        },
        {
            "fieldName": "modifierADDDSC2",
            "fieldType": "String"
        },
        {
            "fieldName": "modifierADDDSC3",
            "fieldType": "String"
        },
        {
            "fieldName": "modifierADDDSC4",
            "fieldType": "String"
        }
    ],
    "relationships": [],
    "changelogDate": "20181005160442",
    "entityTableName": "modifier",
    "dto": "mapstruct",
    "pagination": "no",
    "service": "serviceImpl",
    "jpaMetamodelFiltering": false,
    "fluentMethods": true,
    "clientRootFolder": "",
    "applications": "*"
}