{
    "name": "ModifiersGroup",
    "fields": [
        {
            "fieldName": "storeid",
            "fieldType": "Integer"
        },
        {
            "fieldName": "modifierGroupID",
            "fieldType": "Integer"
        },
        {
            "fieldName": "modifierName",
            "fieldType": "String"
        },
        {
            "fieldName": "modifierID",
            "fieldType": "Integer"
        },
        {
            "fieldName": "modifierNum",
            "fieldType": "Long"
        }
    ],
    "relationships": [],
    "changelogDate": "20181005160707",
    "entityTableName": "modifiers_group",
    "dto": "mapstruct",
    "pagination": "no",
    "service": "serviceImpl",
    "jpaMetamodelFiltering": false,
    "fluentMethods": true,
    "clientRootFolder": "",
    "applications": "*"
}