{
    "name": "PaymentMethod",
    "fields": [
        {
            "fieldName": "paymentTypeID",
            "fieldType": "Integer"
        },
        {
            "fieldName": "storeid",
            "fieldType": "Integer"
        },
        {
            "fieldName": "description",
            "fieldType": "String"
        },
        {
            "fieldName": "tagid",
            "fieldType": "String"
        },
        {
            "fieldName": "numReceipts",
            "fieldType": "Integer"
        },
        {
            "fieldName": "signature",
            "fieldType": "Boolean"
        },
        {
            "fieldName": "currencytag",
            "fieldType": "String"
        },
        {
            "fieldName": "checkID",
            "fieldType": "Boolean"
        },
        {
            "fieldName": "active",
            "fieldType": "Boolean"
        },
        {
            "fieldName": "processes",
            "fieldType": "Boolean"
        },
        {
            "fieldName": "taxExempt",
            "fieldType": "Boolean"
        },
        {
            "fieldName": "customerRequired",
            "fieldType": "Boolean"
        }
    ],
    "relationships": [],
    "changelogDate": "20180829165516",
    "entityTableName": "payment_method",
    "dto": "mapstruct",
    "pagination": "no",
    "service": "serviceImpl",
    "jpaMetamodelFiltering": false,
    "fluentMethods": true,
    "clientRootFolder": "",
    "applications": "*"
}