{
    "name": "PaymentCCInfo",
    "fields": [
        {
            "fieldName": "storeId",
            "fieldType": "Integer"
        },
        {
            "fieldName": "stationId",
            "fieldType": "Integer"
        },
        {
            "fieldName": "paymentMethod",
            "fieldType": "Boolean"
        },
        {
            "fieldName": "primaryIP",
            "fieldType": "String"
        },
        {
            "fieldName": "processingCompany",
            "fieldType": "String"
        },
        {
            "fieldName": "filePath",
            "fieldType": "String"
        },
        {
            "fieldName": "userFriendlyName",
            "fieldType": "String"
        },
        {
            "fieldName": "timeOut",
            "fieldType": "String"
        },
        {
            "fieldName": "requireCvv2",
            "fieldType": "Boolean"
        },
        {
            "fieldName": "checkNumberVerification",
            "fieldType": "Boolean"
        },
        {
            "fieldName": "checkDriversLicenceVerification",
            "fieldType": "Boolean"
        },
        {
            "fieldName": "checkLast4Digits",
            "fieldType": "Boolean"
        },
        {
            "fieldName": "posId",
            "fieldType": "Integer"
        },
        {
            "fieldName": "captureType",
            "fieldType": "String"
        },
        {
            "fieldName": "settlementTime",
            "fieldType": "String"
        },
        {
            "fieldName": "active",
            "fieldType": "Boolean"
        }
    ],
    "relationships": [],
    "changelogDate": "20180829164737",
    "entityTableName": "payment_cc_info",
    "dto": "mapstruct",
    "pagination": "no",
    "service": "serviceImpl",
    "jpaMetamodelFiltering": false,
    "fluentMethods": true,
    "clientRootFolder": "",
    "applications": "*"
}