{
    "name": "Payout",
    "fields": [
        {
            "fieldName": "payoutId",
            "fieldType": "Integer"
        },
        {
            "fieldName": "storeId",
            "fieldType": "Integer"
        },
        {
            "fieldName": "cashierId",
            "fieldType": "Integer"
        },
        {
            "fieldName": "datetime",
            "fieldType": "ZonedDateTime"
        },
        {
            "fieldName": "vendorNumber",
            "fieldType": "String"
        },
        {
            "fieldName": "amount",
            "fieldType": "Double"
        },
        {
            "fieldName": "stationId",
            "fieldType": "Integer"
        },
        {
            "fieldName": "description",
            "fieldType": "String"
        },
        {
            "fieldName": "paymentMethod",
            "fieldType": "String"
        },
        {
            "fieldName": "type",
            "fieldType": "String"
        },
        {
            "fieldName": "overrideId",
            "fieldType": "String"
        },
        {
            "fieldName": "itemNum",
            "fieldType": "String"
        }
    ],
    "relationships": [],
    "changelogDate": "20180829170136",
    "entityTableName": "payout",
    "dto": "mapstruct",
    "pagination": "no",
    "service": "serviceImpl",
    "jpaMetamodelFiltering": false,
    "fluentMethods": true,
    "clientRootFolder": "",
    "applications": "*"
}