{
    "name": "Section",
    "fields": [
        {
            "fieldName": "sectionId",
            "fieldType": "Integer"
        },
        {
            "fieldName": "sectionName",
            "fieldType": "Integer"
        },
        {
            "fieldName": "storeId",
            "fieldType": "Integer",
            "fieldValidateRules": [
                "required"
            ]
        }
    ],
    "relationships": [],
    "changelogDate": "20180820174314",
    "entityTableName": "section",
    "dto": "mapstruct",
    "pagination": "no",
    "service": "serviceImpl",
    "jpaMetamodelFiltering": false,
    "fluentMethods": true,
    "clientRootFolder": "",
    "applications": "*"
}