{
    "name": "SettingsHardware",
    "fields": [
        {
            "fieldName": "storeId",
            "fieldType": "Integer",
            "fieldValidateRules": [
                "required"
            ]
        },
        {
            "fieldName": "poleDisplay",
            "fieldType": "Boolean"
        },
        {
            "fieldName": "poleDisplayType",
            "fieldType": "HardwarePoleType",
            "fieldValues": "BEAMATECH,LG,NCR"
        },
        {
            "fieldName": "poleDisplayPort",
            "fieldType": "HardwarePolePort",
            "fieldValues": "USB,COM,VIRTUAL"
        },
        {
            "fieldName": "msr",
            "fieldType": "Boolean"
        },
        {
            "fieldName": "msrPort",
            "fieldType": "HardwareMsrPort",
            "fieldValues": "USB,COM"
        },
        {
            "fieldName": "printer",
            "fieldType": "Boolean"
        },
        {
            "fieldName": "printerType",
            "fieldType": "HardwarePrinterType",
            "fieldValues": "EPSON,STAR,BIXILON"
        },
        {
            "fieldName": "printerPort",
            "fieldType": "HardwarePrinterPort",
            "fieldValues": "USB,COM"
        },
        {
            "fieldName": "scanner",
            "fieldType": "Boolean"
        },
        {
            "fieldName": "scannerPort",
            "fieldType": "HardwareScannerPort",
            "fieldValues": "USB,COM"
        },
        {
            "fieldName": "mediaDisplay",
            "fieldType": "Boolean"
        },
        {
            "fieldName": "mediaDisplayType",
            "fieldType": "HardwareMediaType",
            "fieldValues": "CAST,ONLINE,INHOUSE"
        },
        {
            "fieldName": "kitchenPrinter",
            "fieldType": "Boolean"
        },
        {
            "fieldName": "kitchenPrinterType",
            "fieldType": "KitchenType",
            "fieldValues": "EPSON,STAR,KDS"
        },
        {
            "fieldName": "kitchenPrinterPort",
            "fieldType": "KitchenPort",
            "fieldValues": "COM,USB,TCP_IP"
        },
        {
            "fieldName": "pinpad",
            "fieldType": "Boolean"
        },
        {
            "fieldName": "pinpadType",
            "fieldType": "HardwarePinpadType",
            "fieldValues": "PAX,VERIFONE"
        }
    ],
    "relationships": [],
    "changelogDate": "20180829175150",
    "entityTableName": "settings_hardware",
    "dto": "mapstruct",
    "pagination": "no",
    "service": "serviceImpl",
    "jpaMetamodelFiltering": false,
    "fluentMethods": true,
    "clientRootFolder": "",
    "applications": "*"
}