{
    "name": "Shifts",
    "fields": [
        {
            "fieldName": "shiftId",
            "fieldType": "Integer"
        },
        {
            "fieldName": "storeId",
            "fieldType": "Integer"
        },
        {
            "fieldName": "startDatetime",
            "fieldType": "ZonedDateTime"
        },
        {
            "fieldName": "endDatetime",
            "fieldType": "ZonedDateTime"
        },
        {
            "fieldName": "idUsed",
            "fieldType": "Integer"
        },
        {
            "fieldName": "netSalesTaxed",
            "fieldType": "Double"
        },
        {
            "fieldName": "netSalesNonTaxed",
            "fieldType": "Double"
        },
        {
            "fieldName": "netSalesTaxExempt",
            "fieldType": "Double"
        },
        {
            "fieldName": "tax1",
            "fieldType": "Double"
        },
        {
            "fieldName": "tax2",
            "fieldType": "Double"
        },
        {
            "fieldName": "tax3",
            "fieldType": "Double"
        },
        {
            "fieldName": "taxCustom",
            "fieldType": "Double"
        },
        {
            "fieldName": "totalNumTrans",
            "fieldType": "Double"
        },
        {
            "fieldName": "openCashierid",
            "fieldType": "Integer"
        },
        {
            "fieldName": "closeCashierid",
            "fieldType": "Integer"
        },
        {
            "fieldName": "closeOutCount",
            "fieldType": "Double"
        },
        {
            "fieldName": "cashbackAmount",
            "fieldType": "Double"
        },
        {
            "fieldName": "openAmount",
            "fieldType": "Double"
        },
        {
            "fieldName": "closeAmount",
            "fieldType": "Double"
        },
        {
            "fieldName": "suggestedOpenAmount",
            "fieldType": "Double"
        },
        {
            "fieldName": "overshort",
            "fieldType": "Double"
        },
        {
            "fieldName": "cashTotal",
            "fieldType": "Double"
        },
        {
            "fieldName": "cTotal",
            "fieldType": "Double"
        }
    ],
    "relationships": [],
    "changelogDate": "20180829172413",
    "entityTableName": "shifts",
    "dto": "mapstruct",
    "pagination": "no",
    "service": "serviceImpl",
    "jpaMetamodelFiltering": false,
    "fluentMethods": true,
    "clientRootFolder": "",
    "applications": "*"
}