{
    "name": "SizeList",
    "fields": [
        {
            "fieldName": "sizeId",
            "fieldType": "Integer"

        },
        {
            "fieldName": "unit",
            "fieldType": "String"

        },
        {
            "fieldName": "measurement",
            "fieldType": "String"

        }
    ],
    "relationships": [],
    "changelogDate": "20180820174314",
    "entityTableName": "size_list",
    "dto": "mapstruct",
    "pagination": "no",
    "service": "serviceImpl",
    "jpaMetamodelFiltering": true,
    "fluentMethods": true,
    "clientRootFolder": "",
    "applications": "*"
}
