{
    "name": "StoreLocal",
    "fields": [
        {
            "fieldName": "storeId",
            "fieldType": "Integer",
            "fieldValidateRules": [
                "required"
            ]
        },
        {
            "fieldName": "companyId",
            "fieldType": "Integer"
        },
        {
            "fieldName": "numStations",
            "fieldType": "Integer"
        },
        {
            "fieldName": "companyName",
            "fieldType": "String",
            "fieldValidateRules": [
                "required",
                "maxlength"
            ],
            "fieldValidateRulesMaxlength": 50
        },
        {
            "fieldName": "companyAddress",
            "fieldType": "String",
            "fieldValidateRules": [
                "maxlength"
            ],
            "fieldValidateRulesMaxlength": 50
        },
        {
            "fieldName": "companyCity",
            "fieldType": "String",
            "fieldValidateRules": [
                "maxlength"
            ],
            "fieldValidateRulesMaxlength": 50
        },
        {
            "fieldName": "companyState",
            "fieldType": "String",
            "fieldValidateRules": [
                "maxlength"
            ],
            "fieldValidateRulesMaxlength": 20
        },
        {
            "fieldName": "companyZip",
            "fieldType": "Integer"
        },
        {
            "fieldName": "companyPhone",
            "fieldType": "String"
        },
        {
            "fieldName": "invoiceNotes",
            "fieldType": "String",
            "fieldValidateRules": [
                "maxlength"
            ],
            "fieldValidateRulesMaxlength": 50
        },
        {
            "fieldName": "logoLocation",
            "fieldType": "String",
            "fieldValidateRules": [
                "maxlength"
            ],
            "fieldValidateRulesMaxlength": 50
        },
        {
            "fieldName": "taxId",
            "fieldType": "Integer"
        },
        {
            "fieldName": "storeEmail",
            "fieldType": "String",
            "fieldValidateRules": [
                "maxlength"
            ],
            "fieldValidateRulesMaxlength": 50
        },
        {
            "fieldName": "taxRate",
            "fieldType": "Integer"
        }
    ],
    "relationships": [],
    "changelogDate": "20180820174314",
    "entityTableName": "store_local",
    "dto": "mapstruct",
    "pagination": "no",
    "service": "serviceImpl",
    "jpaMetamodelFiltering": false,
    "fluentMethods": true,
    "clientRootFolder": "",
    "applications": "*"
}