{
    "name": "TouchDisplay",
    "fields": [
        {
            "fieldName": "stationId",
            "fieldType": "Integer"
        },
        {
            "fieldName": "storeId",
            "fieldType": "Integer"
        },
        {
            "fieldName": "index",
            "fieldType": "Integer"
        },
        {
            "fieldName": "caption",
            "fieldType": "String"
        },
        {
            "fieldName": "picture",
            "fieldType": "String"
        },
        {
            "fieldName": "func",
            "fieldType": "String"
        },
        {
            "fieldName": "option1",
            "fieldType": "String"
        },
        {
            "fieldName": "backColor",
            "fieldType": "String"
        },
        {
            "fieldName": "foreColor",
            "fieldType": "String"
        },
        {
            "fieldName": "visible",
            "fieldType": "Boolean"
        },
        {
            "fieldName": "btnType",
            "fieldType": "String"
        },
        {
            "fieldName": "ident",
            "fieldType": "String"
        },
        {
            "fieldName": "scheduleIndex",
            "fieldType": "String"
        },
        {
            "fieldName": "rowId",
            "fieldType": "String"
        },
        {
            "fieldName": "column",
            "fieldType": "String"
        },
        {
            "fieldName": "group",
            "fieldType": "String"
        },
        {
            "fieldName": "subGroup",
            "fieldType": "String"
        },
        {
            "fieldName": "depGroup",
            "fieldType": "String"
        },
        {
            "fieldName": "family",
            "fieldType": "String"
        }
    ],
    "relationships": [],
    "changelogDate": "20180820174314",
    "entityTableName": "touch_display",
    "dto": "mapstruct",
    "pagination": "no",
    "service": "serviceImpl",
    "jpaMetamodelFiltering": false,
    "fluentMethods": true,
    "clientRootFolder": "",
    "applications": "*"
}