{
    "name": "Transfers",
    "fields": [
        {
            "fieldName": "storeIdOrg",
            "fieldType": "Integer"
        },
        {
            "fieldName": "storeIdDes",
            "fieldType": "Integer"
        },
        {
            "fieldName": "cashierId",
            "fieldType": "Integer"
        },
        {
            "fieldName": "transferId",
            "fieldType": "Integer"
        },
        {
            "fieldName": "createdTime",
            "fieldType": "ZonedDateTime"
        },
        {
            "fieldName": "itemNum",
            "fieldType": "Integer",
            "fieldValidateRules": [
                "required"
            ]
        },
        {
            "fieldName": "itemQtyOut",
            "fieldType": "Integer"
        },
        {
            "fieldName": "itemQtyIn",
            "fieldType": "Integer"
        },
        {
            "fieldName": "itemName",
            "fieldType": "String"
        }
    ],
    "relationships": [],
    "changelogDate": "20180829171456",
    "entityTableName": "transfers",
    "dto": "mapstruct",
    "pagination": "no",
    "service": "serviceImpl",
    "jpaMetamodelFiltering": false,
    "fluentMethods": true,
    "clientRootFolder": "",
    "applications": "*"
}