{
    "name": "Vendor",
    "fields": [
        {
            "fieldName": "vendorID",
            "fieldType": "Integer"
        },
        {
            "fieldName": "firstName",
            "fieldType": "String"
        },
        {
            "fieldName": "lastName",
            "fieldType": "String"
        },
        {
            "fieldName": "vendorName",
            "fieldType": "String"
        },
        {
            "fieldName": "address",
            "fieldType": "String"
        },
        {
            "fieldName": "city",
            "fieldType": "String"
        },
        {
            "fieldName": "state",
            "fieldType": "String"
        },
        {
            "fieldName": "zipCode",
            "fieldType": "Integer"
        },
        {
            "fieldName": "phone",
            "fieldType": "Integer"
        },
        {
            "fieldName": "fax",
            "fieldType": "Integer"
        },
        {
            "fieldName": "vendorTerms",
            "fieldType": "String"
        },
        {
            "fieldName": "county",
            "fieldType": "String"
        },
        {
            "fieldName": "country",
            "fieldType": "String"
        },
        {
            "fieldName": "email",
            "fieldType": "String"
        },
        {
            "fieldName": "website",
            "fieldType": "String"
        },
        {
            "fieldName": "storeId",
            "fieldType": "Integer"
        },
        {
            "fieldName": "companyId",
            "fieldType": "Integer"
        }
    ],
    "relationships": [],
    "changelogDate": "20180820174314",
    "entityTableName": "vendor",
    "dto": "mapstruct",
    "pagination": "no",
    "service": "serviceImpl",
    "jpaMetamodelFiltering": false,
    "fluentMethods": true,
    "clientRootFolder": "",
    "applications": "*"
}